id,first_name,last_name,email,department
1,Karon,Wigley,kwigley0@foxnews.com,Legal
2,Ichabod,Blackborough,iblackborough1@linkedin.com,Human Resources
3,Tripp,Danne,tdanne2@go.com,Product Management
4,Marika,Bitcheno,mbitcheno3@alibaba.com,Support
5,Janenna,Bleasdille,jbleasdille4@spotify.com,Legal
6,Rosalynd,Ambroise,rambroise5@nationalgeographic.com,Accounting
7,Glenn,Polon,gpolon6@amazon.co.uk,Research and Development
8,Emmeline,Suthworth,esuthworth7@angelfire.com,Human Resources
9,Nanete,Goreway,ngoreway8@artisteer.com,Training
10,Faydra,Sperski,fsperski9@wiley.com,Product Management
11,Daisy,Curnokk,dcurnokka@washingtonpost.com,Marketing
12,Francklin,Lambrook,flambrookb@jigsy.com,Legal
13,Gunar,Bissatt,gbissattc@techcrunch.com,Support
14,Sabina,Londsdale,slondsdaled@theguardian.com,Legal
15,Livy,Haycox,lhaycoxe@tmall.com,Research and Development
16,Fee,Guidini,fguidinif@myspace.com,Product Management
17,Lilith,Camellini,lcamellinig@storify.com,Human Resources
18,Chane,Aspole,caspoleh@senate.gov,Training
19,Gillan,McMahon,gmcmahoni@loc.gov,Research and Development
20,Jen,Laingmaid,jlaingmaidj@japanpost.jp,Support
21,Keelia,Shelmardine,kshelmardinek@webmd.com,Sales
22,Chad,Antrack,cantrackl@samsung.com,Business Development
23,Vincenty,Seymour,vseymourm@ehow.com,Marketing
24,Bennett,De Cruze,bdecruzen@japanpost.jp,Human Resources
25,Caron,Wiseman,cwisemano@google.com.hk,Sales
26,Pryce,Grigoryev,pgrigoryevp@hibu.com,Accounting
27,Halie,Stoodale,hstoodaleq@tmall.com,Research and Development
28,Ingrim,Cathrae,icathraer@boston.com,Support
29,Paige,Neem,pneems@nhs.uk,Accounting
30,Frasier,Lamburne,flamburnet@ask.com,Services
31,Vinita,Jepson,vjepsonu@hatena.ne.jp,Human Resources
32,Rutger,Nelane,rnelanev@businessweek.com,Engineering
33,Barrie,Swann,bswannw@github.io,Support
34,Peggie,Varfolomeev,pvarfolomeevx@netlog.com,Support
35,Teodoro,Malley,tmalleyy@apache.org,Sales
36,Jack,Impey,jimpeyz@sina.com.cn,Training
37,Chrystal,Telfer,ctelfer10@sina.com.cn,Sales
38,Nikolaus,Ughi,nughi11@globo.com,Support
39,Amil,Larkins,alarkins12@de.vu,Marketing
40,Fairleigh,Abbatini,fabbatini13@engadget.com,Marketing
41,Edgardo,Du Plantier,eduplantier14@deliciousdays.com,Services
42,Robbie,Burkhill,rburkhill15@examiner.com,Product Management
43,Hildagard,Westley,hwestley16@berkeley.edu,Accounting
44,Marie-jeanne,Baxstar,mbaxstar17@vinaora.com,Accounting
45,Hamlin,Deave,hdeave18@163.com,Human Resources
46,Lavina,Growcock,lgrowcock19@abc.net.au,Research and Development
47,Andie,Jose,ajose1a@people.com.cn,Support
48,Rancell,Clandillon,rclandillon1b@goodreads.com,Product Management
49,Cacilia,Domengue,cdomengue1c@freewebs.com,Sales
50,Ange,Dwelley,adwelley1d@hatena.ne.jp,Business Development
51,Kimmi,Nunnery,knunnery1e@bloglines.com,Accounting
52,Grete,Hynard,ghynard1f@unicef.org,Support
53,Janetta,Veck,jveck1g@opera.com,Accounting
54,Bernardina,Kyte,bkyte1h@answers.com,Business Development
55,Ward,Batcock,wbatcock1i@imdb.com,Marketing
56,Werner,Leathes,wleathes1j@narod.ru,Legal
57,Ewart,Kiessel,ekiessel1k@squidoo.com,Human Resources
58,Floyd,Bontein,fbontein1l@mapquest.com,Marketing
59,Marcela,Weeke,mweeke1m@edublogs.org,Support
60,Bernette,Shelborne,bshelborne1n@discovery.com,Business Development
61,Esta,Trunkfield,etrunkfield1o@sciencedaily.com,Engineering
62,Ram,Falloon,rfalloon1p@craigslist.org,Product Management
63,Ame,Cassar,acassar1q@oakley.com,Human Resources
64,Donn,Dyer,ddyer1r@fema.gov,Accounting
65,Marnie,Chidzoy,mchidzoy1s@dell.com,Product Management
66,Rickard,Seward,rseward1t@google.nl,Business Development
67,Janith,Braybrooks,jbraybrooks1u@sciencedaily.com,Business Development
68,Hanson,Curphey,hcurphey1v@hc360.com,Marketing
69,Lin,Jobson,ljobson1w@squidoo.com,Marketing
70,Rina,Simonnin,rsimonnin1x@blogger.com,Services
71,Elden,Osanne,eosanne1y@columbia.edu,Research and Development
72,Holly,Macura,hmacura1z@dyndns.org,Human Resources
73,Zelda,Duigan,zduigan20@xing.com,Business Development
74,Shelton,Sesons,ssesons21@un.org,Support
75,Kingsly,Geering,kgeering22@china.com.cn,Training
76,Dalt,Juett,djuett23@amazon.de,Research and Development
77,Jorry,Damper,jdamper24@youtube.com,Human Resources
78,Chlo,Mourant,cmourant25@chronoengine.com,Business Development
79,Editha,Milmore,emilmore26@furl.net,Sales
80,Laetitia,Hawk,lhawk27@hugedomains.com,Sales
81,Willamina,Beardshall,wbeardshall28@parallels.com,Support
82,Laurene,McCord,lmccord29@guardian.co.uk,Research and Development
83,Lanna,De Biasi,ldebiasi2a@google.co.uk,Training
84,Ody,Girardetti,ogirardetti2b@google.pl,Services
85,Frederic,Bustin,fbustin2c@unblog.fr,Marketing
86,Jenica,Gulston,jgulston2d@meetup.com,Engineering
87,Fleurette,Guiden,fguiden2e@answers.com,Training
88,Daveen,Thompson,dthompson2f@shop-pro.jp,Support
89,Tresa,McLorinan,tmclorinan2g@ihg.com,Support
90,Pandora,Corona,pcorona2h@microsoft.com,Accounting
91,Emmalyn,Ouldred,eouldred2i@admin.ch,Research and Development
92,Clemens,Antat,cantat2j@nifty.com,Training
93,Rafaelita,Arndtsen,rarndtsen2k@studiopress.com,Accounting
94,Kaleena,Costa,kcosta2l@seattletimes.com,Services
95,Gregory,Trethewey,gtrethewey2m@columbia.edu,Services
96,Latia,Mityukov,lmityukov2n@washingtonpost.com,Research and Development
97,Marty,Spofforth,mspofforth2o@woothemes.com,Marketing
98,Kimmie,Giroldo,kgiroldo2p@cdbaby.com,Sales
99,Chickie,Holdin,choldin2q@howstuffworks.com,Training
100,Kattie,Sketch,ksketch2r@tamu.edu,Marketing
101,Ciel,Astle,castle2s@sciencedaily.com,Legal
102,Jyoti,Moro,jmoro2t@walmart.com,Legal
103,Sawyere,Taffe,staffe2u@unesco.org,Legal
104,Minda,Howgego,mhowgego2v@flickr.com,Training
105,Darb,MacMurray,dmacmurray2w@usnews.com,Accounting
106,Shanna,Popeley,spopeley2x@ifeng.com,Sales
107,Fay,Kuhnwald,fkuhnwald2y@foxnews.com,Sales
108,Monah,Earey,mearey2z@bloglovin.com,Accounting
109,Paulie,Karolowski,pkarolowski30@canalblog.com,Human Resources
110,Jewel,Loving,jloving31@barnesandnoble.com,Research and Development
111,Kelby,Bensen,kbensen32@nps.gov,Legal
112,Neysa,Timson,ntimson33@baidu.com,Human Resources
113,Jordana,Rawstorn,jrawstorn34@dailymail.co.uk,Research and Development
114,Sophey,Lashley,slashley35@deviantart.com,Product Management
115,Carson,Friman,cfriman36@scientificamerican.com,Accounting
116,Selma,Ralls,sralls37@accuweather.com,Legal
117,Gus,Benard,gbenard38@shop-pro.jp,Engineering
118,Aube,Probbin,aprobbin39@hp.com,Business Development
119,Claudine,Gawke,cgawke3a@ycombinator.com,Product Management
120,Lesya,Rudwell,lrudwell3b@icq.com,Services
121,Nathaniel,Fellgate,nfellgate3c@people.com.cn,Product Management
122,Dee dee,Simonds,dsimonds3d@weebly.com,Training
123,Huntington,Chauvey,hchauvey3e@hao123.com,Marketing
124,Darnell,Flade,dflade3f@amazon.co.jp,Research and Development
125,Terry,Bernadot,tbernadot3g@topsy.com,Services
126,Rayshell,Ullock,rullock3h@kickstarter.com,Research and Development
127,Tan,Leynton,tleynton3i@free.fr,Research and Development
128,Keven,Le-Good,klegood3j@people.com.cn,Services
129,Alexandros,Gobolos,agobolos3k@opensource.org,Accounting
130,Issiah,Frowen,ifrowen3l@prlog.org,Services
131,Dane,Gilroy,dgilroy3m@dyndns.org,Legal
132,Gregoire,Royans,groyans3n@java.com,Training
133,Sterling,MacSwayde,smacswayde3o@sphinn.com,Product Management
134,Atalanta,Boomes,aboomes3p@example.com,Legal
135,Broddie,Howatt,bhowatt3q@java.com,Accounting
136,Wernher,Jarmaine,wjarmaine3r@yellowbook.com,Training
137,Charmane,Smythe,csmythe3s@google.es,Engineering
138,Janifer,Clapson,jclapson3t@bloglovin.com,Research and Development
139,Ty,Kapelhof,tkapelhof3u@phoca.cz,Product Management
140,Marion,Vasyatkin,mvasyatkin3v@illinois.edu,Research and Development
141,Dennet,Caine,dcaine3w@hibu.com,Product Management
142,Verena,Letchford,vletchford3x@sbwire.com,Business Development
143,Ave,Saket,asaket3y@shutterfly.com,Support
144,Tobiah,Udey,tudey3z@berkeley.edu,Services
145,Ozzy,Malyj,omalyj40@columbia.edu,Engineering
146,Robinett,Lyddiatt,rlyddiatt41@icio.us,Engineering
147,Thaddeus,Falks,tfalks42@ehow.com,Product Management
148,Hestia,Alty,halty43@netlog.com,Marketing
149,Adrienne,de Mullett,ademullett44@fc2.com,Research and Development
150,Skipton,Gever,sgever45@shareasale.com,Marketing
151,Agace,Baudassi,abaudassi46@seattletimes.com,Services
152,Davy,Van Arsdale,dvanarsdale47@rakuten.co.jp,Business Development
153,Walliw,Olek,wolek48@nytimes.com,Engineering
154,Humfried,Hultberg,hhultberg49@biglobe.ne.jp,Engineering
155,Lorinda,Normavill,lnormavill4a@xinhuanet.com,Training
156,Garfield,Dunmore,gdunmore4b@digg.com,Human Resources
157,Benjamen,Chestney,bchestney4c@cdc.gov,Services
158,Karoly,Wittering,kwittering4d@fastcompany.com,Business Development
159,Rabbi,Lowbridge,rlowbridge4e@reverbnation.com,Sales
160,Susanna,Bolstridge,sbolstridge4f@nhs.uk,Legal
161,Danielle,McGlue,dmcglue4g@theguardian.com,Human Resources
162,Aurelia,Runcieman,aruncieman4h@tamu.edu,Legal
163,Tucker,Andriveaux,tandriveaux4i@eepurl.com,Training
164,Alexis,MacLachlan,amaclachlan4j@eventbrite.com,Human Resources
165,Wilie,Shaxby,wshaxby4k@pcworld.com,Marketing
166,Roxana,Cestard,rcestard4l@techcrunch.com,Product Management
167,Rolfe,Daniell,rdaniell4m@unblog.fr,Legal
168,Ginnie,Bowle,gbowle4n@shinystat.com,Support
169,Baird,Gorwood,bgorwood4o@amazon.co.jp,Engineering
170,Rolando,Morford,rmorford4p@narod.ru,Research and Development
171,Jessey,Longmaid,jlongmaid4q@who.int,Business Development
172,Tye,Netting,tnetting4r@blogger.com,Legal
173,Marcia,Lafont,mlafont4s@geocities.com,Product Management
174,Kevin,Youhill,kyouhill4t@cpanel.net,Business Development
175,Rodrique,Cotesford,rcotesford4u@flickr.com,Product Management
176,Ella,Melling,emelling4v@discovery.com,Training
177,Nickey,Maggs,nmaggs4w@de.vu,Sales
178,Uriah,Pauluzzi,upauluzzi4x@ucoz.ru,Services
179,Siusan,Stonelake,sstonelake4y@amazon.com,Sales
180,Sonja,Morais,smorais4z@com.com,Sales
181,Dian,Braemer,dbraemer50@ning.com,Training
182,Ranice,Craigg,rcraigg51@weather.com,Product Management
183,Lianna,Game,lgame52@creativecommons.org,Legal
184,Cilka,Bulward,cbulward53@bravesites.com,Support
185,Jdavie,Morgen,jmorgen54@last.fm,Sales
186,Ogden,Malpas,omalpas55@flavors.me,Business Development
187,Vale,Pevsner,vpevsner56@cdbaby.com,Sales
188,Markos,Eliasson,meliasson57@intel.com,Training
189,Brodie,Prewer,bprewer58@i2i.jp,Business Development
190,Ashley,Worsnup,aworsnup59@trellian.com,Product Management
191,Yettie,Marczyk,ymarczyk5a@uol.com.br,Support
192,Mari,Avrahamian,mavrahamian5b@photobucket.com,Training
193,Ollie,Sparke,osparke5c@blogs.com,Legal
194,Jeremy,Aron,jaron5d@indiegogo.com,Accounting
195,Fax,Tonna,ftonna5e@tiny.cc,Marketing
196,Ly,Vautier,lvautier5f@admin.ch,Human Resources
197,Zaccaria,McRobbie,zmcrobbie5g@yandex.ru,Engineering
198,Ted,Coal,tcoal5h@cdc.gov,Product Management
199,Mathilde,Coddington,mcoddington5i@globo.com,Research and Development
200,Rhody,Prince,rprince5j@hibu.com,Human Resources
201,Carolyn,Iglesia,ciglesia5k@yahoo.com,Human Resources
202,Alla,Frankema,afrankema5l@gnu.org,Research and Development
203,Hercule,De Brett,hdebrett5m@thetimes.co.uk,Legal
204,Tandi,Catterson,tcatterson5n@opensource.org,Sales
205,Nita,O'Keevan,nokeevan5o@cyberchimps.com,Accounting
206,Dniren,Tunnah,dtunnah5p@mail.ru,Support
207,Corrine,Guilfoyle,cguilfoyle5q@de.vu,Engineering
208,Gar,Winder,gwinder5r@cam.ac.uk,Human Resources
209,Devland,Pursehouse,dpursehouse5s@chronoengine.com,Accounting
210,Durand,McDonald,dmcdonald5t@chronoengine.com,Training
211,Stern,Gathercole,sgathercole5u@cisco.com,Training
212,Nerita,Walker,nwalker5v@bigcartel.com,Engineering
213,Morten,Ragot,mragot5w@bbb.org,Engineering
214,Marcy,Sparshett,msparshett5x@cornell.edu,Sales
215,Calhoun,Pringour,cpringour5y@icq.com,Accounting
216,Cathleen,Egdale,cegdale5z@exblog.jp,Support
217,Polly,MacGovern,pmacgovern60@reuters.com,Research and Development
218,Christean,Hawley,chawley61@nbcnews.com,Engineering
219,Franciskus,Ballach,fballach62@ed.gov,Product Management
220,Hanni,Letten,hletten63@de.vu,Sales
221,Grover,Vivien,gvivien64@cdbaby.com,Research and Development
222,Noby,Lauritsen,nlauritsen65@scientificamerican.com,Research and Development
223,Glenden,Gerram,ggerram66@ft.com,Legal
224,Glenden,Matz,gmatz67@dropbox.com,Business Development
225,Fin,Scroyton,fscroyton68@opensource.org,Marketing
226,Grissel,Pettiford,gpettiford69@nature.com,Sales
227,Anissa,Mannooch,amannooch6a@hhs.gov,Accounting
228,Wendell,Lewin,wlewin6b@chron.com,Accounting
229,Addy,Artharg,aartharg6c@hud.gov,Business Development
230,Paulie,Stallon,pstallon6d@youtube.com,Accounting
231,Hollis,St. Aubyn,hstaubyn6e@baidu.com,Services
232,Beale,Beadon,bbeadon6f@columbia.edu,Sales
233,Dido,Martinyuk,dmartinyuk6g@princeton.edu,Support
234,Jillayne,Firbanks,jfirbanks6h@domainmarket.com,Business Development
235,Hephzibah,Macenzy,hmacenzy6i@joomla.org,Human Resources
236,Tori,Paddison,tpaddison6j@reuters.com,Sales
237,Chariot,Gowing,cgowing6k@behance.net,Training
238,Josiah,Prahl,jprahl6l@deviantart.com,Human Resources
239,Kerry,Muat,kmuat6m@umich.edu,Accounting
240,Evania,Stucke,estucke6n@fema.gov,Legal
241,Sena,Rockell,srockell6o@cnbc.com,Legal
242,Alexis,Oertzen,aoertzen6p@networkadvertising.org,Engineering
243,Sasha,Crackel,scrackel6q@reverbnation.com,Research and Development
244,Creighton,Minero,cminero6r@fastcompany.com,Sales
245,Joycelin,Lydster,jlydster6s@bravesites.com,Business Development
246,Ermengarde,Burchfield,eburchfield6t@cnbc.com,Support
247,Nancie,Shenton,nshenton6u@hibu.com,Accounting
248,Odelia,Cust,ocust6v@nature.com,Engineering
249,Lexie,Kemetz,lkemetz6w@alibaba.com,Sales
250,Dennie,Humpherston,dhumpherston6x@disqus.com,Business Development
251,Kristina,Stoddart,kstoddart6y@about.com,Engineering
252,Karrah,Alpin,kalpin6z@cbsnews.com,Research and Development
253,Aldin,Slocumb,aslocumb70@mail.ru,Services
254,Nollie,Sally,nsally71@gov.uk,Training
255,Maressa,Hamel,mhamel72@google.com,Accounting
256,Broddy,Ugo,bugo73@ocn.ne.jp,Product Management
257,Tuesday,Geill,tgeill74@altervista.org,Marketing
258,Alberik,Beacham,abeacham75@ebay.com,Product Management
259,Arlyn,Matveiko,amatveiko76@netvibes.com,Marketing
260,Nathan,Birkenhead,nbirkenhead77@moonfruit.com,Support
261,Godart,Mathewson,gmathewson78@lulu.com,Legal
262,Filide,Bulch,fbulch79@hud.gov,Services
263,Chip,Goering,cgoering7a@squarespace.com,Engineering
264,Jaclin,Bleasby,jbleasby7b@ow.ly,Legal
265,Abbott,Burgisi,aburgisi7c@prlog.org,Support
266,Clemente,Tenbrug,ctenbrug7d@jalbum.net,Marketing
267,Saunderson,Bergstrand,sbergstrand7e@imgur.com,Sales
268,Lou,Izak,lizak7f@sciencedirect.com,Legal
269,Lucian,Phalip,lphalip7g@senate.gov,Research and Development
270,Charmaine,Veeler,cveeler7h@foxnews.com,Legal
271,Ashely,Huckel,ahuckel7i@cpanel.net,Business Development
272,Waite,Manuello,wmanuello7j@ihg.com,Engineering
273,Edan,Linne,elinne7k@artisteer.com,Research and Development
274,Herbert,Colville,hcolville7l@aol.com,Engineering
275,Marcos,Devall,mdevall7m@vinaora.com,Training
276,Mattias,Keunemann,mkeunemann7n@bizjournals.com,Human Resources
277,Dawna,Edmans,dedmans7o@seattletimes.com,Human Resources
278,Andrei,Sauven,asauven7p@skype.com,Services
279,Marian,Criple,mcriple7q@wufoo.com,Accounting
280,Mallory,Goatman,mgoatman7r@tmall.com,Research and Development
281,Sandra,Bubbear,sbubbear7s@upenn.edu,Sales
282,Burk,Tittletross,btittletross7t@jimdo.com,Services
283,Eyde,Witz,ewitz7u@accuweather.com,Sales
284,Taffy,Oley,toley7v@paginegialle.it,Human Resources
285,Graham,Noad,gnoad7w@sphinn.com,Training
286,Beatriz,Belshaw,bbelshaw7x@ustream.tv,Product Management
287,Ruben,Ghelarducci,rghelarducci7y@ocn.ne.jp,Training
288,Pandora,Manuello,pmanuello7z@123-reg.co.uk,Legal
289,Harold,Smallwood,hsmallwood80@unicef.org,Engineering
290,Thorin,Cumpsty,tcumpsty81@exblog.jp,Engineering
291,Elberta,Judron,ejudron82@hc360.com,Accounting
292,Ezekiel,Santon,esanton83@mtv.com,Accounting
293,Phaidra,Crowson,pcrowson84@shareasale.com,Engineering
294,Ross,Currie,rcurrie85@cloudflare.com,Legal
295,Elvin,Jasik,ejasik86@ucoz.com,Business Development
296,Fons,Morecombe,fmorecombe87@issuu.com,Legal
297,Ferdinande,de Clercq,fdeclercq88@foxnews.com,Training
298,Ryley,de Bullion,rdebullion89@mail.ru,Human Resources
299,Lorie,Haggart,lhaggart8a@godaddy.com,Sales
300,Byram,Stuck,bstuck8b@who.int,Product Management
301,Nikolos,Mease,nmease8c@booking.com,Research and Development
302,Kirby,Duffield,kduffield8d@slideshare.net,Support
303,Sidney,Parramore,sparramore8e@desdev.cn,Engineering
304,Pren,Benfell,pbenfell8f@oaic.gov.au,Engineering
305,Saudra,Chrystal,schrystal8g@123-reg.co.uk,Marketing
306,Madelle,Roggerone,mroggerone8h@bbc.co.uk,Marketing
307,Morganne,Loram,mloram8i@soup.io,Product Management
308,Tyler,Jaouen,tjaouen8j@marketwatch.com,Accounting
309,Lilly,Shwenn,lshwenn8k@mac.com,Sales
310,Henri,Fieldsend,hfieldsend8l@rambler.ru,Accounting
311,Lane,Garret,lgarret8m@wikispaces.com,Sales
312,Monique,Rookwell,mrookwell8n@gmpg.org,Legal
313,Henrie,Rallings,hrallings8o@pinterest.com,Training
314,Woody,Jotham,wjotham8p@howstuffworks.com,Marketing
315,Maje,Freire,mfreire8q@tumblr.com,Business Development
316,Colline,Ollis,collis8r@last.fm,Training
317,Bourke,McArthur,bmcarthur8s@ucoz.com,Human Resources
318,Dorey,Bloss,dbloss8t@examiner.com,Support
319,Sorcha,Besantie,sbesantie8u@miitbeian.gov.cn,Legal
320,Ruddy,MacDermid,rmacdermid8v@slashdot.org,Research and Development
321,Salome,Earingey,searingey8w@yale.edu,Support
322,Stanislas,Brundle,sbrundle8x@woothemes.com,Sales
323,Ranice,Tante,rtante8y@vkontakte.ru,Research and Development
324,Natalee,Allett,nallett8z@timesonline.co.uk,Services
325,Adaline,Wolstenholme,awolstenholme90@intel.com,Research and Development
326,Christiano,Aspinall,caspinall91@flavors.me,Human Resources
327,Nahum,Gozney,ngozney92@mapquest.com,Support
328,Lara,Shyre,lshyre93@spiegel.de,Product Management
329,Ram,Ryles,rryles94@jugem.jp,Support
330,Guy,Bauldry,gbauldry95@clickbank.net,Services
331,Gorden,Horry,ghorry96@cdc.gov,Marketing
332,Marcos,Reary,mreary97@skype.com,Training
333,Chrysler,Gove,cgove98@gnu.org,Engineering
334,Amata,MacTerrelly,amacterrelly99@freewebs.com,Engineering
335,Yvonne,Overstall,yoverstall9a@indiatimes.com,Research and Development
336,Emilia,Corbould,ecorbould9b@blogger.com,Human Resources
337,Upton,Battlestone,ubattlestone9c@furl.net,Business Development
338,Enrichetta,Girardoni,egirardoni9d@webs.com,Business Development
339,Garey,Axelby,gaxelby9e@cbsnews.com,Business Development
340,Zedekiah,Dempster,zdempster9f@thetimes.co.uk,Legal
341,Franklin,Kleinsinger,fkleinsinger9g@mediafire.com,Services
342,Beaufort,Sillito,bsillito9h@lycos.com,Services
343,Phyllida,Costar,pcostar9i@360.cn,Support
344,Velma,Yegoshin,vyegoshin9j@auda.org.au,Support
345,Shana,Shambroke,sshambroke9k@statcounter.com,Business Development
346,Belia,Gillbee,bgillbee9l@disqus.com,Sales
347,Gail,Paula,gpaula9m@ted.com,Training
348,Jeanna,Jessett,jjessett9n@sourceforge.net,Accounting
349,Brana,Leere,bleere9o@simplemachines.org,Human Resources
350,Tonye,Rahl,trahl9p@icio.us,Human Resources
351,Ulrika,Christy,uchristy9q@addtoany.com,Business Development
352,Rosalynd,Gilliam,rgilliam9r@newsvine.com,Support
353,Nicko,Caveau,ncaveau9s@tinyurl.com,Marketing
354,Filbert,Kondratovich,fkondratovich9t@wunderground.com,Legal
355,Ethel,Wetherick,ewetherick9u@smugmug.com,Legal
356,Patton,Bland,pbland9v@zimbio.com,Accounting
357,Nick,Vile,nvile9w@topsy.com,Product Management
358,Mariya,Matuszynski,mmatuszynski9x@fda.gov,Human Resources
359,Wilone,Culshaw,wculshaw9y@t.co,Product Management
360,Lew,Tugman,ltugman9z@example.com,Human Resources
361,Evelin,Tenniswood,etenniswooda0@ustream.tv,Product Management
362,Cathy,Harmon,charmona1@noaa.gov,Business Development
363,Audy,Wandtke,awandtkea2@acquirethisname.com,Services
364,Katerina,Larchiere,klarchierea3@technorati.com,Accounting
365,Web,Stanford,wstanforda4@google.com.hk,Sales
366,Willem,Aylen,waylena5@bbb.org,Support
367,Martelle,Dodding,mdoddinga6@wikia.com,Engineering
368,Tobie,Granger,tgrangera7@springer.com,Accounting
369,Jacky,Tesoe,jtesoea8@google.fr,Legal
370,Tony,Sibthorpe,tsibthorpea9@oaic.gov.au,Marketing
371,Austin,Shee,asheeaa@google.fr,Product Management
372,Daile,Rourke,drourkeab@senate.gov,Services
373,Angie,Spores,asporesac@google.it,Legal
374,Dreddy,Eskell,deskellad@ehow.com,Sales
375,Taddeo,Bearsmore,tbearsmoreae@etsy.com,Product Management
376,Arne,Sandells,asandellsaf@unesco.org,Human Resources
377,Chiarra,Scolli,cscolliag@de.vu,Human Resources
378,Nannie,Whistan,nwhistanah@linkedin.com,Marketing
379,Kylen,Cragell,kcragellai@uiuc.edu,Business Development
380,Curran,Januszkiewicz,cjanuszkiewiczaj@go.com,Human Resources
381,Melli,Desport,mdesportak@hexun.com,Sales
382,Lianne,Sails,lsailsal@cam.ac.uk,Support
383,Paco,Margerrison,pmargerrisonam@google.co.uk,Marketing
384,Rosanna,Jinks,rjinksan@usnews.com,Accounting
385,Brita,Tabrett,btabrettao@gravatar.com,Human Resources
386,Gareth,Fiddler,gfiddlerap@marketwatch.com,Research and Development
387,Penrod,Carlsen,pcarlsenaq@nifty.com,Sales
388,Lester,Michel,lmichelar@google.cn,Product Management
389,Parke,Thirtle,pthirtleas@vkontakte.ru,Product Management
390,Eda,McCotter,emccotterat@about.com,Support
391,Linnie,Gadesby,lgadesbyau@multiply.com,Research and Development
392,Harriott,Deighan,hdeighanav@friendfeed.com,Training
393,Sheelagh,Tutchings,stutchingsaw@dedecms.com,Engineering
394,Amelie,Deeves,adeevesax@jalbum.net,Engineering
395,Elvis,Swynley,eswynleyay@istockphoto.com,Product Management
396,Aleen,Coule,acouleaz@histats.com,Product Management
397,Janeen,Gludor,jgludorb0@yandex.ru,Training
398,Haleigh,Blaskett,hblaskettb1@reverbnation.com,Research and Development
399,Sarge,Dignan,sdignanb2@hexun.com,Human Resources
400,Cyrille,Hawkridge,chawkridgeb3@weibo.com,Sales
401,Perla,Vasyushkhin,pvasyushkhinb4@gnu.org,Marketing
402,Korry,Armstead,karmsteadb5@mediafire.com,Services
403,Hieronymus,Camerati,hcameratib6@alibaba.com,Business Development
404,Nil,McKay,nmckayb7@unc.edu,Accounting
405,Doti,Abramsky,dabramskyb8@earthlink.net,Marketing
406,Sly,Drynan,sdrynanb9@goo.ne.jp,Sales
407,Bartholomeo,Wrixon,bwrixonba@hexun.com,Training
408,Sammy,Vineall,svineallbb@pbs.org,Product Management
409,Read,Keirle,rkeirlebc@symantec.com,Training
410,Carolee,Bussy,cbussybd@bing.com,Accounting
411,Stoddard,Mannock,smannockbe@networksolutions.com,Human Resources
412,Charlie,Shrive,cshrivebf@tuttocitta.it,Human Resources
413,Joseph,Evelyn,jevelynbg@foxnews.com,Product Management
414,Cherey,Doe,cdoebh@auda.org.au,Human Resources
415,Frank,Firth,ffirthbi@gmpg.org,Training
416,Tasha,Laffling,tlafflingbj@house.gov,Services
417,Junia,D'Alesco,jdalescobk@oaic.gov.au,Sales
418,Anallise,Hembery,ahemberybl@tripod.com,Legal
419,Eddi,Possek,epossekbm@hugedomains.com,Accounting
420,Nananne,Marikhin,nmarikhinbn@cnn.com,Services
421,Kacie,Dotson,kdotsonbo@lycos.com,Services
422,Alec,Paynton,apayntonbp@stumbleupon.com,Support
423,Claudine,Scamadine,cscamadinebq@tamu.edu,Support
424,Dukey,Beswetherick,dbeswetherickbr@mlb.com,Research and Development
425,Sandy,Scola,sscolabs@github.com,Training
426,Flora,Kayzer,fkayzerbt@barnesandnoble.com,Product Management
427,Dane,Purnell,dpurnellbu@pbs.org,Training
428,Cherilyn,Poletto,cpolettobv@hibu.com,Human Resources
429,Alejandrina,Janovsky,ajanovskybw@bandcamp.com,Training
430,Carey,Hatry,chatrybx@rediff.com,Research and Development
431,Benjie,Iddons,biddonsby@twitpic.com,Accounting
432,Josephine,Champion,jchampionbz@stanford.edu,Human Resources
433,Kissiah,Degenhardt,kdegenhardtc0@ovh.net,Product Management
434,Cass,McGowing,cmcgowingc1@mashable.com,Legal
435,Alard,Lukasik,alukasikc2@sciencedaily.com,Product Management
436,Tiphany,Goldhill,tgoldhillc3@pbs.org,Engineering
437,Rachael,Ackland,racklandc4@hostgator.com,Legal
438,Conn,Ewin,cewinc5@dropbox.com,Sales
439,Olga,Trebble,otrebblec6@ezinearticles.com,Sales
440,Ethel,Burtonwood,eburtonwoodc7@wufoo.com,Sales
441,Branden,Chattoe,bchattoec8@barnesandnoble.com,Product Management
442,Taryn,Blackwell,tblackwellc9@answers.com,Sales
443,Rebekkah,Elphee,relpheeca@jalbum.net,Research and Development
444,Janina,Skae,jskaecb@youtube.com,Research and Development
445,Martita,Pretious,mpretiouscc@usa.gov,Support
446,Joy,Beadnall,jbeadnallcd@google.ca,Sales
447,Derron,Stokey,dstokeyce@marriott.com,Support
448,Ranna,Dorken,rdorkencf@nsw.gov.au,Human Resources
449,Hermione,Glyde,hglydecg@usa.gov,Product Management
450,Robbin,Boulstridge,rboulstridgech@forbes.com,Marketing
451,Arne,Wilstead,awilsteadci@1688.com,Human Resources
452,Sebastien,Muehler,smuehlercj@pen.io,Engineering
453,Martainn,Erbain,merbainck@sun.com,Support
454,Joey,Beggan,jbeggancl@exblog.jp,Sales
455,Abbey,Fairlam,afairlamcm@guardian.co.uk,Engineering
456,Damon,Sheasby,dsheasbycn@technorati.com,Sales
457,Devy,Rappa,drappaco@google.nl,Legal
458,Garik,Belliveau,gbelliveaucp@devhub.com,Engineering
459,Cybil,Raund,craundcq@wsj.com,Human Resources
460,Stefanie,Emmott,semmottcr@nps.gov,Engineering
461,Hy,Beartup,hbeartupcs@naver.com,Engineering
462,Lynea,Ellson,lellsonct@chron.com,Research and Development
463,Derrek,O'Kelly,dokellycu@tmall.com,Sales
464,Siobhan,Corsan,scorsancv@cpanel.net,Services
465,Travers,Fenney,tfenneycw@google.de,Training
466,Kahlil,Rennolds,krennoldscx@ocn.ne.jp,Sales
467,Jackie,Britten,jbrittency@bandcamp.com,Legal
468,Robinetta,Coy,rcoycz@redcross.org,Support
469,Harcourt,Izhakov,hizhakovd0@irs.gov,Sales
470,Josy,Sherlock,jsherlockd1@typepad.com,Marketing
471,Rutger,Cunnah,rcunnahd2@seattletimes.com,Support
472,Stesha,Ruggen,sruggend3@weebly.com,Sales
473,Thoma,Flatt,tflattd4@w3.org,Legal
474,Steffen,Thrasher,sthrasherd5@pbs.org,Human Resources
475,Tiffani,Taberer,ttabererd6@marriott.com,Accounting
476,Maurie,Bangiard,mbangiardd7@baidu.com,Human Resources
477,Clara,Scamerden,cscamerdend8@mozilla.com,Services
478,Jed,Mauchline,jmauchlined9@newyorker.com,Services
479,Bridie,Baskwell,bbaskwellda@cdbaby.com,Business Development
480,Stanton,Waywell,swaywelldb@scientificamerican.com,Services
481,Shanan,Trotman,strotmandc@miitbeian.gov.cn,Legal
482,Hally,Lenton,hlentondd@accuweather.com,Services
483,Claire,Quaintance,cquaintancede@blinklist.com,Accounting
484,Andy,Goatcher,agoatcherdf@homestead.com,Product Management
485,Arleyne,Hindrick,ahindrickdg@163.com,Engineering
486,Thorstein,Arran,tarrandh@answers.com,Support
487,Robinett,Klimp,rklimpdi@nature.com,Product Management
488,Valentine,Mellody,vmellodydj@exblog.jp,Accounting
489,Esra,Dowse,edowsedk@wufoo.com,Marketing
490,Ange,Lilleman,alillemandl@linkedin.com,Engineering
491,Otho,Medcalfe,omedcalfedm@prlog.org,Legal
492,Tina,Bruford,tbruforddn@theatlantic.com,Marketing
493,Shane,Aizikovitch,saizikovitchdo@webnode.com,Human Resources
494,Tobias,McGuff,tmcguffdp@cam.ac.uk,Engineering
495,Teena,Jendrusch,tjendruschdq@google.it,Product Management
496,Barrett,Tacey,btaceydr@digg.com,Marketing
497,Ernie,Minister,eministerds@webnode.com,Product Management
498,Georgi,Loweth,glowethdt@drupal.org,Engineering
499,Noelle,Collens,ncollensdu@reddit.com,Support
500,Nathaniel,aManger,namangerdv@stanford.edu,Services
501,Tobias,Harbor,tharbordw@yelp.com,Services
502,Chrystal,Franceschelli,cfranceschellidx@blogger.com,Sales
503,Melody,Challener,mchallenerdy@mashable.com,Support
504,Bertram,Woof,bwoofdz@seesaa.net,Human Resources
505,Chickie,Holdey,choldeye0@mediafire.com,Human Resources
506,Alessandro,Longhirst,alonghirste1@boston.com,Legal
507,Darelle,Riddel,driddele2@google.fr,Engineering
508,Jacklin,Beeton,jbeetone3@weibo.com,Services
509,Hoyt,Bogie,hbogiee4@csmonitor.com,Product Management
510,Jania,Godbold,jgodbolde5@google.de,Support
511,Florinda,Salvage,fsalvagee6@newyorker.com,Human Resources
512,Damaris,Domek,ddomeke7@networkadvertising.org,Product Management
513,Berta,Rieflin,briefline8@tinypic.com,Services
514,Lorita,Rintoul,lrintoule9@nsw.gov.au,Product Management
515,Bennie,Stooke,bstookeea@telegraph.co.uk,Human Resources
516,Sybila,Teodoro,steodoroeb@1und1.de,Sales
517,Petronia,Rowbottom,prowbottomec@jiathis.com,Services
518,Jone,Belleny,jbellenyed@macromedia.com,Research and Development
519,Torey,Lewendon,tlewendonee@chronoengine.com,Product Management
520,Barnabe,Ginnane,bginnaneef@bbb.org,Support
521,Giacopo,Hanbury,ghanburyeg@slate.com,Services
522,Regan,Emer,remereh@histats.com,Legal
523,Monroe,Espinel,mespinelei@phoca.cz,Accounting
524,Fae,D'Ambrogi,fdambrogiej@spotify.com,Support
525,Vincents,Guise,vguiseek@china.com.cn,Product Management
526,Mala,Kynson,mkynsonel@simplemachines.org,Sales
527,Lisa,Mintram,lmintramem@slideshare.net,Marketing
528,Dermot,Stuckley,dstuckleyen@imageshack.us,Services
529,Friederike,Bagnold,fbagnoldeo@quantcast.com,Services
530,Scott,Kemmet,skemmetep@ted.com,Human Resources
531,Burton,Stebbings,bstebbingseq@bluehost.com,Engineering
532,Peirce,Hackworth,phackworther@admin.ch,Business Development
533,Yetta,Wardington,ywardingtones@sciencedaily.com,Engineering
534,Hymie,Hayen,hhayenet@pagesperso-orange.fr,Engineering
535,Keefer,Ashingden,kashingdeneu@washingtonpost.com,Support
536,Edvard,Dumberrill,edumberrillev@marriott.com,Marketing
537,Marybelle,Havard,mhavardew@archive.org,Research and Development
538,Douglas,Looney,dlooneyex@guardian.co.uk,Support
539,Clarine,Helstrom,chelstromey@sogou.com,Product Management
540,Kelly,Paddie,kpaddieez@marketwatch.com,Engineering
541,Melloney,Bagnell,mbagnellf0@theguardian.com,Human Resources
542,Nero,Pinnington,npinningtonf1@google.ca,Services
543,Deny,Woolger,dwoolgerf2@apache.org,Product Management
544,Randene,Olenchenko,rolenchenkof3@nationalgeographic.com,Research and Development
545,Karlene,Goodhew,kgoodhewf4@studiopress.com,Training
546,Gris,Gladdin,ggladdinf5@friendfeed.com,Accounting
547,Rudy,O'Teague,roteaguef6@google.pl,Services
548,Sutton,Carpmile,scarpmilef7@wp.com,Research and Development
549,Thorsten,Ayers,tayersf8@cargocollective.com,Legal
550,Don,Curmi,dcurmif9@businesswire.com,Sales
551,Jandy,Abrashkin,jabrashkinfa@biglobe.ne.jp,Support
552,Delcina,Andriveau,dandriveaufb@technorati.com,Training
553,Kimberlyn,Dyka,kdykafc@barnesandnoble.com,Human Resources
554,Lezley,Pettecrew,lpettecrewfd@about.com,Accounting
555,Dareen,Tocque,dtocquefe@engadget.com,Human Resources
556,Johnna,Treske,jtreskeff@umich.edu,Services
557,Emanuel,Kilmaster,ekilmasterfg@zimbio.com,Sales
558,Douglas,Sarfatti,dsarfattifh@japanpost.jp,Marketing
559,Grange,Leahey,gleaheyfi@reference.com,Marketing
560,Cecil,Scannell,cscannellfj@rambler.ru,Business Development
561,Josh,Attewill,jattewillfk@deviantart.com,Legal
562,Hugibert,Milton-White,hmiltonwhitefl@friendfeed.com,Support
563,Sylas,De Pero,sdeperofm@boston.com,Sales
564,Shae,Kelle,skellefn@wikispaces.com,Research and Development
565,Krispin,Merner,kmernerfo@woothemes.com,Sales
566,Joelynn,Ridgwell,jridgwellfp@foxnews.com,Services
567,Dulcia,Simnell,dsimnellfq@kickstarter.com,Research and Development
568,Jarrett,Caulier,jcaulierfr@uiuc.edu,Accounting
569,Merilee,Stockow,mstockowfs@stumbleupon.com,Services
570,Shayne,Poter,spoterft@marketwatch.com,Engineering
571,Kippy,Haistwell,khaistwellfu@quantcast.com,Services
572,Verge,Avramow,vavramowfv@dailymail.co.uk,Engineering
573,Bibbie,Hardcastle,bhardcastlefw@photobucket.com,Training
574,Tarah,Rainsbury,trainsburyfx@who.int,Services
575,Ruthe,Perrone,rperronefy@diigo.com,Product Management
576,Marie,Bradnick,mbradnickfz@domainmarket.com,Marketing
577,Aurore,Drinnan,adrinnang0@dmoz.org,Business Development
578,Selestina,Wildbore,swildboreg1@wiley.com,Support
579,Lindsay,Constant,lconstantg2@simplemachines.org,Engineering
580,Harry,Warnock,hwarnockg3@dedecms.com,Sales
581,Tish,Bendig,tbendigg4@msu.edu,Research and Development
582,Whittaker,Michurin,wmichuring5@cornell.edu,Support
583,Codie,Fanning,cfanningg6@weather.com,Legal
584,Wenda,Raubheim,wraubheimg7@nymag.com,Legal
585,Merry,Dilley,mdilleyg8@yolasite.com,Human Resources
586,Blayne,Fingleton,bfingletong9@friendfeed.com,Services
587,Enrique,Maypes,emaypesga@ning.com,Legal
588,Conn,Admans,cadmansgb@cbsnews.com,Support
589,Cherianne,Buckerfield,cbuckerfieldgc@squidoo.com,Services
590,Shanda,Tresvina,stresvinagd@dion.ne.jp,Accounting
591,Alexandr,Fernley,afernleyge@statcounter.com,Product Management
592,Ki,Coe,kcoegf@hao123.com,Services
593,Mariam,Dargie,mdargiegg@mashable.com,Human Resources
594,Gregg,Biaggiotti,gbiaggiottigh@ycombinator.com,Human Resources
595,Peder,Emeny,pemenygi@census.gov,Services
596,Currie,Guppy,cguppygj@hp.com,Research and Development
597,Barnie,Zapatero,bzapaterogk@instagram.com,Services
598,Shanan,Dachey,sdacheygl@quantcast.com,Marketing
599,Rozina,Stronach,rstronachgm@fotki.com,Support
600,Sheilah,Mingaud,smingaudgn@wiley.com,Engineering
601,Andie,Randalston,arandalstongo@quantcast.com,Engineering
602,Florrie,Windle,fwindlegp@noaa.gov,Business Development
603,Dionis,Ajam,dajamgq@army.mil,Human Resources
604,Thomasina,Stolworthy,tstolworthygr@nydailynews.com,Services
605,Ilise,Symington,isymingtongs@ft.com,Legal
606,Steffie,Tear,steargt@usda.gov,Marketing
607,Brita,Longfoot,blongfootgu@51.la,Marketing
608,Inez,Gillani,igillanigv@craigslist.org,Accounting
609,Gisella,O'Lenane,golenanegw@eventbrite.com,Marketing
610,Valera,Heakey,vheakeygx@usatoday.com,Product Management
611,Allen,Esparza,aesparzagy@ft.com,Human Resources
612,Cole,Gallafant,cgallafantgz@privacy.gov.au,Engineering
613,Lani,MacAllen,lmacallenh0@surveymonkey.com,Support
614,Adda,Shakespeare,ashakespeareh1@chronoengine.com,Legal
615,Betsey,Heisler,bheislerh2@constantcontact.com,Product Management
616,Idalina,Grammer,igrammerh3@bloglines.com,Support
617,Benita,Southwood,bsouthwoodh4@unblog.fr,Sales
618,Becki,Jina,bjinah5@prweb.com,Engineering
619,Alice,Greenard,agreenardh6@walmart.com,Product Management
620,Mabelle,Sloat,msloath7@w3.org,Research and Development
621,Batholomew,Paolazzi,bpaolazzih8@google.ru,Services
622,Melodie,Pasek,mpasekh9@google.ca,Human Resources
623,Elfrieda,Denis,edenisha@oracle.com,Training
624,Cordy,Southeran,csoutheranhb@soup.io,Human Resources
625,Risa,Wynter,rwynterhc@miibeian.gov.cn,Services
626,Bentlee,Copner,bcopnerhd@wordpress.com,Accounting
627,Christoph,Timothy,ctimothyhe@rambler.ru,Business Development
628,Madalena,Daldry,mdaldryhf@globo.com,Business Development
629,Nathanil,Peete,npeetehg@amazonaws.com,Sales
630,Elvera,Padly,epadlyhh@gnu.org,Product Management
631,Scotti,Chatel,schatelhi@scientificamerican.com,Human Resources
632,Dur,Marnane,dmarnanehj@about.me,Training
633,Neal,Finnes,nfinneshk@theguardian.com,Accounting
634,Fredrika,Ausiello,fausiellohl@chron.com,Product Management
635,Rock,Rollings,rrollingshm@blinklist.com,Research and Development
636,Gael,Robardet,grobardethn@purevolume.com,Training
637,Robbie,Lindro,rlindroho@gizmodo.com,Legal
638,Faith,O'Nions,fonionshp@bigcartel.com,Accounting
639,Malia,Helliar,mhelliarhq@thetimes.co.uk,Research and Development
640,Kacy,Cremer,kcremerhr@chicagotribune.com,Training
641,Kit,Alexsandrov,kalexsandrovhs@google.it,Sales
642,Syd,Bronot,sbronotht@answers.com,Engineering
643,Hervey,Limbert,hlimberthu@mozilla.org,Sales
644,Locke,Maryon,lmaryonhv@globo.com,Training
645,Mike,Allday,malldayhw@google.co.uk,Sales
646,Suzanne,Chatain,schatainhx@dion.ne.jp,Marketing
647,Hedvige,Gounard,hgounardhy@un.org,Training
648,Matilda,Engley,mengleyhz@wisc.edu,Sales
649,Daffy,Waldren,dwaldreni0@virginia.edu,Product Management
650,Michel,Ibell,mibelli1@shareasale.com,Marketing
651,Lorrin,Olivey,loliveyi2@shop-pro.jp,Business Development
652,Cyrill,Broxis,cbroxisi3@paginegialle.it,Training
653,Sally,MacKniely,smacknielyi4@hp.com,Accounting
654,Anderson,Shrieve,ashrievei5@vimeo.com,Product Management
655,Dori,Rustedge,drustedgei6@google.ca,Accounting
656,Ignaz,Flasby,iflasbyi7@naver.com,Marketing
657,Skell,Kinzel,skinzeli8@shinystat.com,Sales
658,Othilia,Duquesnay,oduquesnayi9@indiegogo.com,Services
659,Fritz,Sultan,fsultania@ameblo.jp,Marketing
660,Dionysus,Bambridge,dbambridgeib@nydailynews.com,Product Management
661,Rufus,McKibbin,rmckibbinic@cdc.gov,Sales
662,Palm,Memory,pmemoryid@fc2.com,Accounting
663,Bram,Weller,bwellerie@goo.gl,Training
664,Jessika,Glossop,jglossopif@weather.com,Sales
665,Cornie,Stelljes,cstelljesig@stumbleupon.com,Engineering
666,Brand,Lennie,blennieih@wikipedia.org,Services
667,Pauli,Ros,prosii@last.fm,Training
668,Goddard,Emlin,gemlinij@indiegogo.com,Services
669,Olivia,Cafferty,ocaffertyik@ameblo.jp,Legal
670,Uriel,Joskovitch,ujoskovitchil@goodreads.com,Support
671,Lorraine,Connors,lconnorsim@digg.com,Research and Development
672,Putnem,Rae,praein@intel.com,Sales
673,Wilbur,Lourens,wlourensio@domainmarket.com,Accounting
674,Cornall,Earland,cearlandip@chicagotribune.com,Accounting
675,Daniele,Osipenko,dosipenkoiq@loc.gov,Business Development
676,Meaghan,Natwick,mnatwickir@unc.edu,Training
677,Vail,Gonnel,vgonnelis@ning.com,Support
678,Benji,Purves,bpurvesit@sun.com,Legal
679,Amerigo,Piotrkowski,apiotrkowskiiu@nsw.gov.au,Human Resources
680,Rhonda,Erbe,rerbeiv@engadget.com,Business Development
681,Lacie,De Miranda,ldemirandaiw@google.com.au,Accounting
682,Aurilia,Fernao,afernaoix@zimbio.com,Marketing
683,Frannie,O'Cosgra,focosgraiy@xing.com,Sales
684,Jordanna,Ord,jordiz@businessweek.com,Business Development
685,Beryl,Lambole,blambolej0@imgur.com,Business Development
686,Orton,Stott,ostottj1@ow.ly,Marketing
687,Fredericka,Abrashkin,fabrashkinj2@acquirethisname.com,Research and Development
688,Griz,Sigmund,gsigmundj3@constantcontact.com,Business Development
689,My,O'Lynn,molynnj4@dailymail.co.uk,Support
690,Xylina,Rennison,xrennisonj5@blogspot.com,Research and Development
691,Myrtie,O'Nion,monionj6@plala.or.jp,Human Resources
692,Pyotr,Pullinger,ppullingerj7@wisc.edu,Human Resources
693,Wait,Redwin,wredwinj8@macromedia.com,Legal
694,Gabbey,Lornsen,glornsenj9@flickr.com,Business Development
695,Traci,Riseborough,triseboroughja@indiatimes.com,Research and Development
696,Michaelina,Steedman,msteedmanjb@sciencedirect.com,Training
697,Lauren,Thiese,lthiesejc@cocolog-nifty.com,Product Management
698,Collette,Dobinson,cdobinsonjd@usnews.com,Research and Development
699,Gaylene,Langeren,glangerenje@huffingtonpost.com,Services
700,Guinevere,Edy,gedyjf@hhs.gov,Legal
701,Cybil,Ghione,cghionejg@deviantart.com,Services
702,Felipa,Warlow,fwarlowjh@networksolutions.com,Human Resources
703,Archibald,Gothup,agothupji@baidu.com,Business Development
704,Angie,Carne,acarnejj@unblog.fr,Engineering
705,Constance,Tubby,ctubbyjk@google.ca,Product Management
706,Jessalin,Darter,jdarterjl@diigo.com,Accounting
707,Vergil,Trollope,vtrollopejm@devhub.com,Human Resources
708,Benny,Belison,bbelisonjn@angelfire.com,Services
709,Agace,Shedd,asheddjo@state.tx.us,Research and Development
710,Shaina,Mayers,smayersjp@delicious.com,Sales
711,Ashlen,Deverell,adeverelljq@dyndns.org,Human Resources
712,Gwendolen,Kenryd,gkenrydjr@technorati.com,Training
713,Kennett,Twizell,ktwizelljs@quantcast.com,Training
714,Bertine,Wallsam,bwallsamjt@blog.com,Accounting
715,Theobald,Seggie,tseggieju@gnu.org,Business Development
716,Marcella,Stormes,mstormesjv@symantec.com,Human Resources
717,Shayla,Pitcher,spitcherjw@usatoday.com,Marketing
718,Kaine,Calbrathe,kcalbrathejx@symantec.com,Research and Development
719,Marrissa,Scough,mscoughjy@goo.gl,Engineering
720,Jorie,Ondra,jondrajz@woothemes.com,Sales
721,Marquita,Seagar,mseagark0@amazon.de,Business Development
722,Sue,Baggelley,sbaggelleyk1@deliciousdays.com,Legal
723,Trish,Hurford,thurfordk2@wunderground.com,Product Management
724,Elora,Parken,eparkenk3@de.vu,Services
725,Trumaine,Raselles,trasellesk4@gnu.org,Product Management
726,Mimi,Arnfield,marnfieldk5@acquirethisname.com,Marketing
727,Kylie,Clayal,kclayalk6@so-net.ne.jp,Accounting
728,Sloan,Gribben,sgribbenk7@globo.com,Training
729,Jackelyn,Angeli,jangelik8@skype.com,Marketing
730,Benson,Cowen,bcowenk9@zdnet.com,Accounting
731,Gerardo,Ible,gibleka@si.edu,Product Management
732,Jemimah,Clough,jcloughkb@myspace.com,Product Management
733,Wendi,Welchman,wwelchmankc@samsung.com,Business Development
734,Martin,Bilam,mbilamkd@uiuc.edu,Support
735,Patrick,Guyonneau,pguyonneauke@dedecms.com,Human Resources
736,Sterling,Boak,sboakkf@rambler.ru,Support
737,Gale,Aubry,gaubrykg@51.la,Product Management
738,Hymie,Levick,hlevickkh@engadget.com,Business Development
739,Griff,Petroselli,gpetroselliki@wsj.com,Business Development
740,Uriah,Dansken,udanskenkj@ebay.com,Services
741,Gavra,Daborne,gdabornekk@goo.gl,Services
742,Missy,Estcourt,mestcourtkl@cbsnews.com,Product Management
743,Levi,Tabourier,ltabourierkm@i2i.jp,Accounting
744,Rafaelita,Wakeford,rwakefordkn@geocities.com,Training
745,Webb,Rivelin,wrivelinko@wp.com,Legal
746,Ginnie,Izhaky,gizhakykp@opensource.org,Training
747,Mickie,Simonnet,msimonnetkq@google.com.hk,Engineering
748,Cointon,Thorold,cthoroldkr@tumblr.com,Sales
749,Jorrie,Lawless,jlawlessks@diigo.com,Support
750,Kirstyn,Atling,katlingkt@creativecommons.org,Research and Development
751,Evin,Abbott,eabbottku@taobao.com,Marketing
752,Gallard,Filipov,gfilipovkv@wunderground.com,Support
753,Abby,Passion,apassionkw@theglobeandmail.com,Services
754,Hayward,Standage,hstandagekx@twitter.com,Research and Development
755,Adore,Isaac,aisaacky@cbc.ca,Engineering
756,Jerry,Abbot,jabbotkz@nationalgeographic.com,Marketing
757,Duane,Kender,dkenderl0@chicagotribune.com,Research and Development
758,Katusha,McKew,kmckewl1@altervista.org,Legal
759,Kacey,Grovier,kgrovierl2@youtube.com,Services
760,Angelique,Dougharty,adoughartyl3@sciencedaily.com,Marketing
761,Emlynn,Newlyn,enewlynl4@upenn.edu,Human Resources
762,Vivyanne,Matchell,vmatchelll5@flavors.me,Training
763,Dulce,Dadley,ddadleyl6@nifty.com,Marketing
764,Locke,Dack,ldackl7@sourceforge.net,Product Management
765,Abigale,Addekin,aaddekinl8@fotki.com,Services
766,Dermot,Suston,dsustonl9@hubpages.com,Support
767,Ralina,Nelle,rnellela@omniture.com,Support
768,Seka,Cicchelli,scicchellilb@sitemeter.com,Marketing
769,Gun,Sherbrook,gsherbrooklc@guardian.co.uk,Business Development
770,Myrwyn,Elverston,melverstonld@1688.com,Marketing
771,Brenden,Dykes,bdykesle@foxnews.com,Legal
772,Darrin,Hunt,dhuntlf@miitbeian.gov.cn,Marketing
773,Nedi,Alstead,nalsteadlg@spotify.com,Support
774,Donella,O'Sheerin,dosheerinlh@deliciousdays.com,Sales
775,Murry,Grut,mgrutli@example.com,Product Management
776,Wilton,Brauns,wbraunslj@myspace.com,Engineering
777,Mehetabel,Monteaux,mmonteauxlk@engadget.com,Support
778,Shaine,Wrathmall,swrathmallll@diigo.com,Product Management
779,Trev,Mucillo,tmucillolm@japanpost.jp,Sales
780,Drusilla,Burleigh,dburleighln@creativecommons.org,Services
781,Murielle,Lisamore,mlisamorelo@youtu.be,Support
782,Towney,Ivanchin,tivanchinlp@time.com,Accounting
783,Randie,Cantua,rcantualq@addtoany.com,Legal
784,Gerhardine,Ferriere,gferrierelr@wiley.com,Accounting
785,Chiarra,Hulls,chullsls@oracle.com,Training
786,Sheilakathryn,Tetlow,stetlowlt@squidoo.com,Support
787,Avril,Cullingworth,acullingworthlu@miitbeian.gov.cn,Human Resources
788,Mufi,Rosling,mroslinglv@scribd.com,Product Management
789,Moria,Shave,mshavelw@omniture.com,Product Management
790,Norene,Gervaise,ngervaiselx@reference.com,Services
791,Willyt,Cordero,wcorderoly@samsung.com,Marketing
792,Merv,Mouse,mmouselz@discovery.com,Marketing
793,Courtnay,Lande,clandem0@barnesandnoble.com,Human Resources
794,Smith,Aberkirder,saberkirderm1@google.co.uk,Engineering
795,Aylmer,Matz,amatzm2@taobao.com,Marketing
796,Erroll,Phillippo,ephillippom3@deviantart.com,Accounting
797,Arlen,Spinetti,aspinettim4@google.com.br,Services
798,Rebe,Mar,rmarm5@china.com.cn,Training
799,Elbertina,Chuter,echuterm6@ibm.com,Engineering
800,Kerrill,Ward,kwardm7@drupal.org,Business Development
801,Antone,Matthewes,amatthewesm8@latimes.com,Sales
802,Gerty,Tuma,gtumam9@gnu.org,Marketing
803,Talbot,MacGarrity,tmacgarrityma@thetimes.co.uk,Sales
804,Beaufort,Martusov,bmartusovmb@blogs.com,Human Resources
805,Ric,Fawdrie,rfawdriemc@canalblog.com,Marketing
806,Zuzana,Ausher,zaushermd@reverbnation.com,Business Development
807,Curran,Vinecombe,cvinecombeme@addthis.com,Product Management
808,Nonnah,Duchasteau,nduchasteaumf@usnews.com,Sales
809,Devora,Beric,dbericmg@phpbb.com,Services
810,Farlay,Maitland,fmaitlandmh@squarespace.com,Product Management
811,Timi,Richter,trichtermi@flavors.me,Sales
812,Jaquith,Boocock,jboocockmj@pen.io,Training
813,Donnie,Jacobsson,djacobssonmk@google.pl,Sales
814,Nikita,Kersey,nkerseyml@wunderground.com,Sales
815,Lesley,Fosten,lfostenmm@cargocollective.com,Marketing
816,Francklyn,Cruse,fcrusemn@blogs.com,Research and Development
817,Ailis,Bilham,abilhammo@nydailynews.com,Legal
818,Dunc,Daens,ddaensmp@theglobeandmail.com,Engineering
819,Leoine,Klimke,lklimkemq@businesswire.com,Product Management
820,Arabella,Hartwright,ahartwrightmr@house.gov,Research and Development
821,Annelise,Burtwell,aburtwellms@reuters.com,Services
822,Marven,Shorland,mshorlandmt@oakley.com,Services
823,Llewellyn,Cluatt,lcluattmu@domainmarket.com,Engineering
824,Bethina,Dossettor,bdossettormv@guardian.co.uk,Human Resources
825,Zola,Pockey,zpockeymw@scientificamerican.com,Human Resources
826,Annabella,Gunn,agunnmx@com.com,Accounting
827,Wyatt,Cromwell,wcromwellmy@nifty.com,Sales
828,Mommy,Culshaw,mculshawmz@pen.io,Business Development
829,Brana,Berthomier,bberthomiern0@wikimedia.org,Marketing
830,Kin,Reeken,kreekenn1@artisteer.com,Services
831,Juliet,Murphey,jmurpheyn2@4shared.com,Accounting
832,Arnold,Braiden,abraidenn3@accuweather.com,Services
833,Cullin,O'Neal,conealn4@lycos.com,Product Management
834,Raviv,Philippault,rphilippaultn5@microsoft.com,Services
835,Pancho,Normington,pnormingtonn6@ca.gov,Research and Development
836,Madella,Firman,mfirmann7@google.ca,Business Development
837,Lynne,Windless,lwindlessn8@reference.com,Engineering
838,Derk,Broschek,dbroschekn9@patch.com,Research and Development
839,Angus,Viccary,aviccaryna@adobe.com,Training
840,Jess,Kyttor,jkyttornb@walmart.com,Support
841,Darice,Leidecker,dleideckernc@gravatar.com,Training
842,Claire,Tregensoe,ctregensoend@ehow.com,Marketing
843,Monroe,Lafee,mlafeene@goo.gl,Legal
844,Keen,Bullocke,kbullockenf@walmart.com,Sales
845,Gayla,Claque,gclaqueng@t-online.de,Marketing
846,Shell,Haward,shawardnh@sina.com.cn,Product Management
847,Elden,Zouch,ezouchni@imageshack.us,Sales
848,Marylynne,Stepto,msteptonj@guardian.co.uk,Services
849,Gardiner,Putson,gputsonnk@upenn.edu,Support
850,Danice,Sowerby,dsowerbynl@dedecms.com,Engineering
851,Reid,O' Cuolahan,rocuolahannm@cyberchimps.com,Research and Development
852,Parker,Perrot,pperrotnn@toplist.cz,Marketing
853,Thurstan,Nazair,tnazairno@shop-pro.jp,Accounting
854,Gallard,Murra,gmurranp@163.com,Services
855,Thomasa,Grzes,tgrzesnq@cmu.edu,Services
856,Lorianna,Dunnett,ldunnettnr@unicef.org,Services
857,Smitty,Doyland,sdoylandns@vimeo.com,Services
858,Pail,Skurray,pskurraynt@mlb.com,Human Resources
859,Robbi,Gosling,rgoslingnu@fastcompany.com,Accounting
860,Gal,Hubbis,ghubbisnv@europa.eu,Sales
861,Darb,Ballinger,dballingernw@tuttocitta.it,Marketing
862,Ardella,Mac Giany,amacgianynx@jugem.jp,Human Resources
863,Vicki,Pledger,vpledgerny@china.com.cn,Marketing
864,Dagny,Boylund,dboylundnz@umich.edu,Services
865,Hallie,Deeprose,hdeeproseo0@multiply.com,Product Management
866,Adelice,Peatman,apeatmano1@cdbaby.com,Research and Development
867,Christal,McKilroe,cmckilroeo2@opera.com,Legal
868,Randie,Keppe,rkeppeo3@nps.gov,Marketing
869,Kippie,Gray,kgrayo4@acquirethisname.com,Engineering
870,Appolonia,Bowdrey,abowdreyo5@bluehost.com,Accounting
871,Guendolen,Walasik,gwalasiko6@tripod.com,Marketing
872,Harman,Carty,hcartyo7@hud.gov,Business Development
873,Arabella,Capsey,acapseyo8@hhs.gov,Marketing
874,Andras,Goddman,agoddmano9@about.com,Research and Development
875,Giralda,Marages,gmaragesoa@infoseek.co.jp,Legal
876,Norrie,Farran,nfarranob@ucsd.edu,Sales
877,Hewett,Rait,hraitoc@cloudflare.com,Research and Development
878,Gilbert,McKissack,gmckissackod@reddit.com,Sales
879,Marje,St. Pierre,mstpierreoe@marriott.com,Support
880,Estella,Sexti,esextiof@chicagotribune.com,Research and Development
881,Lita,Denness,ldennessog@mail.ru,Legal
882,Grete,Velte,gvelteoh@so-net.ne.jp,Training
883,Linn,Maclaine,lmaclaineoi@tripadvisor.com,Legal
884,Tally,McIndrew,tmcindrewoj@goo.gl,Engineering
885,Bev,Leebeter,bleebeterok@mozilla.com,Training
886,Jo,Yeatman,jyeatmanol@slate.com,Training
887,Ban,Tineman,btinemanom@ehow.com,Product Management
888,Taber,Philpault,tphilpaulton@parallels.com,Engineering
889,Anna-diane,Derry,aderryoo@yahoo.com,Sales
890,Zoe,Garnsworthy,zgarnsworthyop@miitbeian.gov.cn,Product Management
891,Northrop,Attack,nattackoq@oakley.com,Research and Development
892,Rutter,Partington,rpartingtonor@hexun.com,Marketing
893,Taffy,Billett,tbillettos@twitter.com,Legal
894,Adelaida,Polin,apolinot@a8.net,Marketing
895,Rowe,Benesevich,rbenesevichou@oakley.com,Product Management
896,Nat,Bartleman,nbartlemanov@guardian.co.uk,Legal
897,Fredrick,Beney,fbeneyow@bbc.co.uk,Human Resources
898,Antone,Glavias,aglaviasox@sphinn.com,Accounting
899,Erroll,Iston,eistonoy@google.it,Accounting
900,Georgianne,Smogur,gsmoguroz@buzzfeed.com,Marketing
901,Eilis,Richings,erichingsp0@quantcast.com,Services
902,Cassius,Ruckert,cruckertp1@yale.edu,Support
903,Zoe,Larret,zlarretp2@hostgator.com,Training
904,Lissi,Brogden,lbrogdenp3@mayoclinic.com,Training
905,Sunny,Grevile,sgrevilep4@unc.edu,Legal
906,Lyn,Durgan,ldurganp5@1und1.de,Legal
907,Maggee,Vanyarkin,mvanyarkinp6@jigsy.com,Business Development
908,Carolan,Curreen,ccurreenp7@github.io,Services
909,Rolf,Shorten,rshortenp8@reuters.com,Marketing
910,Clemens,Kilshaw,ckilshawp9@theguardian.com,Services
911,Pacorro,Kirkman,pkirkmanpa@google.ru,Research and Development
912,Arda,Bygraves,abygravespb@bbc.co.uk,Support
913,Karilynn,Drinkhill,kdrinkhillpc@nature.com,Training
914,Graeme,Plitz,gplitzpd@123-reg.co.uk,Sales
915,Bobbe,Velte,bveltepe@dagondesign.com,Human Resources
916,Prinz,Poutress,ppoutresspf@sourceforge.net,Research and Development
917,Alvis,Dosdale,adosdalepg@seattletimes.com,Services
918,Man,Turpin,mturpinph@sohu.com,Research and Development
919,Kort,Zielinski,kzielinskipi@japanpost.jp,Services
920,Chet,Sedger,csedgerpj@example.com,Legal
921,Tabb,Pulhoster,tpulhosterpk@wisc.edu,Product Management
922,Rosaleen,Morphey,rmorpheypl@ebay.co.uk,Legal
923,Ambrose,Meller,amellerpm@sciencedirect.com,Business Development
924,Hermie,Heiden,hheidenpn@ameblo.jp,Marketing
925,Rycca,Sked,rskedpo@vkontakte.ru,Accounting
926,Edwina,Orhrt,eorhrtpp@tiny.cc,Engineering
927,Leroy,Albro,lalbropq@patch.com,Human Resources
928,Shadow,Brislane,sbrislanepr@symantec.com,Training
929,Cam,Spurden,cspurdenps@bloglovin.com,Marketing
930,Benjamen,Charlick,bcharlickpt@nih.gov,Engineering
931,Temp,Villalta,tvillaltapu@biglobe.ne.jp,Marketing
932,Danit,Gopsall,dgopsallpv@wp.com,Legal
933,Sammy,Seaking,sseakingpw@bbc.co.uk,Accounting
934,Pet,Dickerline,pdickerlinepx@ow.ly,Accounting
935,Gennie,Brun,gbrunpy@people.com.cn,Product Management
936,Ynez,Brighouse,ybrighousepz@mit.edu,Legal
937,Rusty,Shadrach,rshadrachq0@ow.ly,Support
938,Arch,Keavy,akeavyq1@sourceforge.net,Marketing
939,Antonella,Lapslie,alapslieq2@sciencedirect.com,Business Development
940,Tawnya,Arndell,tarndellq3@wsj.com,Marketing
941,Johnny,Quilligan,jquilliganq4@tmall.com,Business Development
942,Urban,Scemp,uscempq5@a8.net,Services
943,Granville,McKoy,gmckoyq6@digg.com,Research and Development
944,Robbyn,Rivenzon,rrivenzonq7@jigsy.com,Product Management
945,Guthrey,Nottram,gnottramq8@dailymotion.com,Accounting
946,Bibbye,Dobie,bdobieq9@over-blog.com,Training
947,Stormy,Dearnley,sdearnleyqa@cargocollective.com,Accounting
948,Phylis,Simner,psimnerqb@blinklist.com,Training
949,Ruttger,Preator,rpreatorqc@usda.gov,Engineering
950,Kerr,Broadbere,kbroadbereqd@is.gd,Services
951,Maggy,De Gregoli,mdegregoliqe@blog.com,Research and Development
952,Milty,Simpson,msimpsonqf@wiley.com,Business Development
953,Zorine,Ebunoluwa,zebunoluwaqg@tiny.cc,Marketing
954,Florrie,Ybarra,fybarraqh@sun.com,Legal
955,Datha,Whiffen,dwhiffenqi@newsvine.com,Marketing
956,Aldin,McOrkill,amcorkillqj@uiuc.edu,Services
957,Evanne,Breckin,ebreckinqk@wufoo.com,Training
958,Joyce,Greenroa,jgreenroaql@youku.com,Accounting
959,Morgan,Avison,mavisonqm@uiuc.edu,Legal
960,Neddie,Horick,nhorickqn@ow.ly,Marketing
961,Caressa,Squibe,csquibeqo@icq.com,Support
962,Peri,Munro,pmunroqp@ning.com,Business Development
963,Phelia,Veltman,pveltmanqq@dropbox.com,Accounting
964,Osborne,Tarburn,otarburnqr@usnews.com,Product Management
965,Easter,Pauleau,epauleauqs@nba.com,Human Resources
966,Conchita,Hartfleet,chartfleetqt@wordpress.com,Legal
967,Essie,Ranson,eransonqu@vinaora.com,Accounting
968,Barny,Lintin,blintinqv@facebook.com,Business Development
969,Marylinda,Ludovico,mludovicoqw@topsy.com,Legal
970,Cora,Ohrt,cohrtqx@clickbank.net,Sales
971,Winston,Wybrow,wwybrowqy@fda.gov,Research and Development
972,Antoinette,Needs,aneedsqz@umich.edu,Product Management
973,Rina,Rennison,rrennisonr0@businessweek.com,Accounting
974,Sollie,Faughnan,sfaughnanr1@amazon.co.jp,Services
975,Gilbertina,Portis,gportisr2@columbia.edu,Support
976,Haslett,Gally,hgallyr3@mozilla.com,Sales
977,Camella,Hinsch,chinschr4@nih.gov,Accounting
978,Isacco,Matusevich,imatusevichr5@arstechnica.com,Product Management
979,Clotilda,Larkkem,clarkkemr6@networksolutions.com,Accounting
980,Andris,Esposi,aesposir7@1688.com,Human Resources
981,Jemmy,Rigmond,jrigmondr8@netlog.com,Support
982,Newton,Ruben,nrubenr9@nasa.gov,Training
983,Herculie,Purrier,hpurrierra@fastcompany.com,Engineering
984,Blaire,Gwalter,bgwalterrb@blogtalkradio.com,Legal
985,Tristan,Brunning,tbrunningrc@123-reg.co.uk,Training
986,Laverne,Andriuzzi,landriuzzird@imageshack.us,Research and Development
987,Jesse,Wincom,jwincomre@google.ca,Sales
988,Kaine,Rew,krewrf@so-net.ne.jp,Human Resources
989,Nowell,Gothup,ngothuprg@cbc.ca,Support
990,Fabien,Gronauer,fgronauerrh@stanford.edu,Marketing
991,Monique,Elwood,melwoodri@networksolutions.com,Human Resources
992,Osborn,Ellerman,oellermanrj@google.it,Training
993,Tris,Wakeford,twakefordrk@phoca.cz,Human Resources
994,Ravid,Lohde,rlohderl@instagram.com,Legal
995,Zonda,Bilsborrow,zbilsborrowrm@cloudflare.com,Business Development
996,Korie,Janos,kjanosrn@usatoday.com,Human Resources
997,Hynda,Salvador,hsalvadorro@ox.ac.uk,Engineering
998,Jeffrey,Wyld,jwyldrp@statcounter.com,Services
999,Thia,Vassman,tvassmanrq@walmart.com,Marketing
1000,Kristien,Almeida,kalmeidarr@woothemes.com,Services
